All pupils,All Pupils,All other pupils,All Pupils,All state-funded schools,All Pupils,46.4,457261
All pupils,All Pupils,All Pupils,All Pupils,Academies and free schools,All Pupils,45.1,360345
All pupils,All Pupils,All Pupils,All Pupils,All state-funded mainstream schools,All Pupils,44.1,513356
All pupils,All Pupils,All Pupils,All Pupils,All state-funded mainstream schools,Church of England,45.7,29096
All pupils,All Pupils,All Pupils,All Pupils,All state-funded mainstream schools,Hindu,66.4,107
All pupils,All Pupils,All Pupils,All Pupils,All state-funded mainstream schools,Jewish,69.3,1357
All pupils,All Pupils,All Pupils,All Pupils,All state-funded mainstream schools,Muslim,67.4,883
All pupils,All Pupils,All Pupils,All Pupils,All state-funded mainstream schools,No religious character,43.5,420980
All pupils,All Pupils,All Pupils,All Pupils,All state-funded mainstream schools,Other Christian Faith,49,9577
All pupils,All Pupils,All Pupils,All Pupils,All state-funded mainstream schools,Roman Catholic,47,49802
All pupils,All Pupils,All Pupils,All Pupils,All state-funded mainstream schools,Sikh,57.7,345
All pupils,All Pupils,All Pupils,All Pupils,All state-funded schools,All Pupils,43.3,523626
All pupils,All Pupils,All Pupils,All Pupils,Converter Academies,All Pupils,49.7,258093
All pupils,All Pupils,All Pupils,All Pupils,Free schools,All Pupils,47.9,6037
All pupils,All Pupils,All Pupils,All Pupils,Further education colleges with provision for 14- to 16-year-olds,All Pupils,8.4,1209
All pupils,All Pupils,All Pupils,All Pupils,Local authority maintained mainstream schools,All Pupils,42.1,151242
All pupils,All Pupils,All Pupils,All Pupils,Sponsored Academies,All Pupils,32.9,92197
All pupils,All Pupils,All Pupils,All Pupils,State-funded special schools,All Pupils,0.3,10270
All pupils,All Pupils,All Pupils,All Pupils,Studio Schools,All Pupils,18.9,1061
All pupils,All Pupils,All Pupils,All Pupils,University technical colleges,All Pupils,27.5,2957
All pupils,All Pupils,All Pupils,All Pupils,All state-funded mainstream schools,All Pupils,32,33140
All pupils,All Pupils,All Pupils,All Pupils,All state-funded mainstream schools,All Pupils,42.6,455815
All pupils,All Pupils,All Pupils,All Pupils,All state-funded mainstream schools,All Pupils,92.9,23192
All pupils,All Pupils,All Pupils,All SEN,All state-funded schools,All Pupils,13.5,73530
All pupils,All Pupils,All Pupils,No identified SEN,All state-funded schools,All Pupils,48.3,448849
All pupils,All Pupils,All Pupils,SEN support,All state-funded schools,All Pupils,16.5,54033
All pupils,All Pupils,All Pupils,SEN with a statement or EHC plan,All state-funded schools,All Pupils,5.3,19497
All pupils,All Pupils,Pupils eligible for FSM,All Pupils,All state-funded schools,All Pupils,21.6,66365
Asian,All Pupils,All other pupils,All Pupils,All state-funded schools,All Pupils,53,47127
Asian,All Pupils,All Pupils,All Pupils,Academies and free schools,All Pupils,53.6,36343
Asian,All Pupils,All Pupils,All Pupils,All state-funded mainstream schools,Church of England,53.4,2491
Asian,All Pupils,All Pupils,All Pupils,All state-funded mainstream schools,Hindu,68,97
Asian,All Pupils,All Pupils,All Pupils,All state-funded mainstream schools,Jewish,69.6,46
Asian,All Pupils,All Pupils,All Pupils,All state-funded mainstream schools,Muslim,67.5,772
Asian,All Pupils,All Pupils,All Pupils,All state-funded mainstream schools,No religious character,49.8,46521
Asian,All Pupils,All Pupils,All Pupils,All state-funded mainstream schools,Other Christian Faith,69,810
Asian,All Pupils,All Pupils,All Pupils,All state-funded mainstream schools,Roman Catholic,53.9,4001
Asian,All Pupils,All Pupils,All Pupils,All state-funded mainstream schools,Sikh,58,283
Asian,All Pupils,All Pupils,All Pupils,All state-funded schools,All Pupils,50.2,55737
Asian,All Pupils,All Pupils,All Pupils,Converter Academies,All Pupils,58.6,25479
Asian,All Pupils,All Pupils,All Pupils,Free schools,All Pupils,61.3,1291
Asian,All Pupils,All Pupils,All Pupils,Further education colleges with provision for 14- to 16-year-olds,All Pupils,0,5
Asian,All Pupils,All Pupils,All Pupils,Local authority maintained mainstream schools,All Pupils,45.6,18640
Asian,All Pupils,All Pupils,All Pupils,Sponsored Academies,All Pupils,39.8,9231
Asian,All Pupils,All Pupils,All Pupils,State-funded special schools,All Pupils,0.4,711
Asian,All Pupils,All Pupils,All Pupils,Studio Schools,All Pupils,22.4,76
Asian,All Pupils,All Pupils,All Pupils,University technical colleges,All Pupils,30.5,266
Asian,All Pupils,All Pupils,All Pupils,All state-funded mainstream schools,All Pupils,43,2009
Asian,All Pupils,All Pupils,All Pupils,All state-funded mainstream schools,All Pupils,47.3,48782
Asian,All Pupils,All Pupils,All Pupils,All state-funded mainstream schools,All Pupils,96.1,4230
Asian,All Pupils,All Pupils,All SEN,All state-funded schools,All Pupils,13.4,5520
Asian,All Pupils,All Pupils,No identified SEN,All state-funded schools,All Pupils,54.3,50214
Asian,All Pupils,All Pupils,SEN support,All state-funded schools,All Pupils,15.8,4101
Asian,All Pupils,All Pupils,SEN with a statement or EHC plan,All state-funded schools,All Pupils,6.4,1419
Asian,All Pupils,Pupils eligible for FSM,All Pupils,All state-funded schools,All Pupils,35.2,8610
Asian - Any other,All Pupils,All other pupils,All Pupils,All state-funded schools,All Pupils,60.8,7905
Asian - Any other,All Pupils,All Pupils,All Pupils,All state-funded schools,All Pupils,58.3,8938
Asian - Any other,All Pupils,Pupils eligible for FSM,All Pupils,All state-funded schools,All Pupils,38.9,1033
Asian - Bangladeshi,All Pupils,All other pupils,All Pupils,All state-funded schools,All Pupils,52.4,7128
Asian - Bangladeshi,All Pupils,All Pupils,All Pupils,All state-funded schools,All Pupils,49.1,9384
Asian - Bangladeshi,All Pupils,Pupils eligible for FSM,All Pupils,All state-funded schools,All Pupils,38.9,2256
Asian - Indian,All Pupils,All other pupils,All Pupils,All state-funded schools,All Pupils,63.4,13618
Asian - Indian,All Pupils,All Pupils,All Pupils,All state-funded schools,All Pupils,62,14575
Asian - Indian,All Pupils,Pupils eligible for FSM,All Pupils,All state-funded schools,All Pupils,43.1,957
Asian - Pakistani,All Pupils,All other pupils,All Pupils,All state-funded schools,All Pupils,42.3,18476
Asian - Pakistani,All Pupils,All Pupils,All Pupils,All state-funded schools,All Pupils,40.1,22840
Asian - Pakistani,All Pupils,Pupils eligible for FSM,All Pupils,All state-funded schools,All Pupils,30.6,4364
Black,All Pupils,All other pupils,All Pupils,All state-funded schools,All Pupils,41.6,23037
Black,All Pupils,All Pupils,All Pupils,Academies and free schools,All Pupils,41.2,18236
Black,All Pupils,All Pupils,All Pupils,All state-funded mainstream schools,Church of England,39.3,2573
Black,All Pupils,All Pupils,All Pupils,All state-funded mainstream schools,Hindu,0,1
Black,All Pupils,All Pupils,All Pupils,All state-funded mainstream schools,Jewish,41.4,29
Black,All Pupils,All Pupils,All Pupils,All state-funded mainstream schools,Muslim,67.2,67
Black,All Pupils,All Pupils,All Pupils,All state-funded mainstream schools,No religious character,38.5,19768
Black,All Pupils,All Pupils,All Pupils,All state-funded mainstream schools,Other Christian Faith,40.3,504
Black,All Pupils,All Pupils,All Pupils,All state-funded mainstream schools,Roman Catholic,43.6,5383
Black,All Pupils,All Pupils,All Pupils,All state-funded mainstream schools,Sikh,25,4
Black,All Pupils,All Pupils,All Pupils,All state-funded schools,All Pupils,38.8,28949
Black,All Pupils,All Pupils,All Pupils,Converter Academies,All Pupils,44.8,10735
Black,All Pupils,All Pupils,All Pupils,Free schools,All Pupils,45.1,588
Black,All Pupils,All Pupils,All Pupils,Further education colleges with provision for 14- to 16-year-olds,All Pupils,0,4
Black,All Pupils,All Pupils,All Pupils,Local authority maintained mainstream schools,All Pupils,36.7,10056
Black,All Pupils,All Pupils,All Pupils,Sponsored Academies,All Pupils,35.5,6670
Black,All Pupils,All Pupils,All Pupils,State-funded special schools,All Pupils,0,616
Black,All Pupils,All Pupils,All Pupils,Studio Schools,All Pupils,29.4,34
Black,All Pupils,All Pupils,All Pupils,University technical colleges,All Pupils,24.4,209
Black,All Pupils,All Pupils,All Pupils,All state-funded mainstream schools,All Pupils,40.8,1226
Black,All Pupils,All Pupils,All Pupils,All state-funded mainstream schools,All Pupils,37.6,26181
Black,All Pupils,All Pupils,All Pupils,All state-funded mainstream schools,All Pupils,95.3,922
Black,All Pupils,All Pupils,All SEN,All state-funded schools,All Pupils,9.7,4199
Black,All Pupils,All Pupils,No identified SEN,All state-funded schools,All Pupils,43.7,24745
Black,All Pupils,All Pupils,SEN support,All state-funded schools,All Pupils,11.7,3039
Black,All Pupils,All Pupils,SEN with a statement or EHC plan,All state-funded schools,All Pupils,4.4,1160
Black,All Pupils,Pupils eligible for FSM,All Pupils,All state-funded schools,All Pupils,27.7,5912
Black - Any other ,All Pupils,All other pupils,All Pupils,All state-funded schools,All Pupils,35.9,2916
Black - Any other ,All Pupils,All Pupils,All Pupils,All state-funded schools,All Pupils,33.2,3658
Black - Any other ,All Pupils,Pupils eligible for FSM,All Pupils,All state-funded schools,All Pupils,22.4,742
Black - African,All Pupils,All other pupils,All Pupils,All state-funded schools,All Pupils,46.9,14719
Black - African,All Pupils,All Pupils,All Pupils,All state-funded schools,All Pupils,44.3,18358
Black - African,All Pupils,Pupils eligible for FSM,All Pupils,All state-funded schools,All Pupils,33.7,3639
Black - Caribbean,All Pupils,All other pupils,All Pupils,All state-funded schools,All Pupils,30.1,5402
Black - Caribbean,All Pupils,All Pupils,All Pupils,All state-funded schools,All Pupils,26.9,6933
Black - Caribbean,All Pupils,Pupils eligible for FSM,All Pupils,All state-funded schools,All Pupils,15.7,1531
Chinese,All Pupils,All other pupils,All Pupils,All state-funded schools,All Pupils,75.7,1768
Chinese,All Pupils,All Pupils,All Pupils,Academies and free schools,All Pupils,78.7,1391
Chinese,All Pupils,All Pupils,All Pupils,All state-funded mainstream schools,Church of England,75.7,136
Chinese,All Pupils,All Pupils,All Pupils,All state-funded mainstream schools,Jewish,100,1
Chinese,All Pupils,All Pupils,All Pupils,All state-funded mainstream schools,No religious character,75.6,1501
Chinese,All Pupils,All Pupils,All Pupils,All state-funded mainstream schools,Other Christian Faith,84.1,69
Chinese,All Pupils,All Pupils,All Pupils,All state-funded mainstream schools,Roman Catholic,77.9,145
Chinese,All Pupils,All Pupils,All Pupils,All state-funded mainstream schools,Sikh,100,1
Chinese,All Pupils,All Pupils,All Pupils,All state-funded schools,All Pupils,75.3,1875
Chinese,All Pupils,All Pupils,All Pupils,Converter Academies,All Pupils,81.7,1105
Chinese,All Pupils,All Pupils,All Pupils,Free schools,All Pupils,73.1,26
Chinese,All Pupils,All Pupils,All Pupils,Local authority maintained mainstream schools,All Pupils,68.4,459
Chinese,All Pupils,All Pupils,All Pupils,Sponsored Academies,All Pupils,67.2,256
Chinese,All Pupils,All Pupils,All Pupils,State-funded special schools,All Pupils,0,22
Chinese,All Pupils,All Pupils,All Pupils,Studio Schools,All Pupils,0,1
Chinese,All Pupils,All Pupils,All Pupils,University technical colleges,All Pupils,33.3,3
Chinese,All Pupils,All Pupils,All Pupils,All state-funded mainstream schools,All Pupils,61.4,88
Chinese,All Pupils,All Pupils,All Pupils,All state-funded mainstream schools,All Pupils,71.7,1391
Chinese,All Pupils,All Pupils,All Pupils,All state-funded mainstream schools,All Pupils,96.3,374
Chinese,All Pupils,All Pupils,All SEN,All state-funded schools,All Pupils,34.6,133
Chinese,All Pupils,All Pupils,No identified SEN,All state-funded schools,All Pupils,78.4,1742
Chinese,All Pupils,All Pupils,SEN support,All state-funded schools,All Pupils,46.5,86
Chinese,All Pupils,All Pupils,SEN with a statement or EHC plan,All state-funded schools,All Pupils,12.8,47
Chinese,All Pupils,Pupils eligible for FSM,All Pupils,All state-funded schools,All Pupils,67.3,107
Mixed,All Pupils,All other pupils,All Pupils,All state-funded schools,All Pupils,47.9,20250
Mixed,All Pupils,All Pupils,All Pupils,Academies and free schools,All Pupils,45.8,17034
Mixed,All Pupils,All Pupils,All Pupils,All state-funded mainstream schools,Church of England,44.8,1414
Mixed,All Pupils,All Pupils,All Pupils,All state-funded mainstream schools,Hindu,60,5
Mixed,All Pupils,All Pupils,All Pupils,All state-funded mainstream schools,Jewish,55.6,27
Mixed,All Pupils,All Pupils,All Pupils,All state-funded mainstream schools,Muslim,55.6,18
Mixed,All Pupils,All Pupils,All Pupils,All state-funded mainstream schools,No religious character,44,19381
Mixed,All Pupils,All Pupils,All Pupils,All state-funded mainstream schools,Other Christian Faith,58.4,473
Mixed,All Pupils,All Pupils,All Pupils,All state-funded mainstream schools,Roman Catholic,46.3,2797
Mixed,All Pupils,All Pupils,All Pupils,All state-funded mainstream schools,Sikh,57.9,19
Mixed,All Pupils,All Pupils,All Pupils,All state-funded schools,All Pupils,43.7,24646
Mixed,All Pupils,All Pupils,All Pupils,Converter Academies,All Pupils,50.7,11828
Mixed,All Pupils,All Pupils,All Pupils,Free schools,All Pupils,47.4,428
Mixed,All Pupils,All Pupils,All Pupils,Further education colleges with provision for 14- to 16-year-olds,All Pupils,0,8
Mixed,All Pupils,All Pupils,All Pupils,Local authority maintained mainstream schools,All Pupils,41.7,7051
Mixed,All Pupils,All Pupils,All Pupils,Sponsored Academies,All Pupils,34.3,4549
Mixed,All Pupils,All Pupils,All Pupils,State-funded special schools,All Pupils,0.4,504
Mixed,All Pupils,All Pupils,All Pupils,Studio Schools,All Pupils,19.6,51
Mixed,All Pupils,All Pupils,All Pupils,University technical colleges,All Pupils,21.3,178
Mixed,All Pupils,All Pupils,All Pupils,All state-funded mainstream schools,All Pupils,33.3,1419
Mixed,All Pupils,All Pupils,All Pupils,All state-funded mainstream schools,All Pupils,42.3,21380
Mixed,All Pupils,All Pupils,All Pupils,All state-funded mainstream schools,All Pupils,94.1,1335
Mixed,All Pupils,All Pupils,All SEN,All state-funded schools,All Pupils,15.3,3526
Mixed,All Pupils,All Pupils,No identified SEN,All state-funded schools,All Pupils,48.5,21112
Mixed,All Pupils,All Pupils,SEN support,All state-funded schools,All Pupils,18.9,2558
Mixed,All Pupils,All Pupils,SEN with a statement or EHC plan,All state-funded schools,All Pupils,5.8,968
Mixed,All Pupils,Pupils eligible for FSM,All Pupils,All state-funded schools,All Pupils,24.4,4396
Mixed - Any other ,All Pupils,All other pupils,All Pupils,All state-funded schools,All Pupils,51.4,7565
Mixed - Any other ,All Pupils,All Pupils,All Pupils,All state-funded schools,All Pupils,47.4,9080
Mixed - Any other ,All Pupils,Pupils eligible for FSM,All Pupils,All state-funded schools,All Pupils,27.5,1515
Mixed - White and Asian,All Pupils,All other pupils,All Pupils,All state-funded schools,All Pupils,58.7,4828
Mixed - White and Asian,All Pupils,All Pupils,All Pupils,All state-funded schools,All Pupils,54.8,5537
Mixed - White and Asian,All Pupils,Pupils eligible for FSM,All Pupils,All state-funded schools,All Pupils,27.8,709
Mixed - White and Black - African,All Pupils,All other pupils,All Pupils,All state-funded schools,All Pupils,44.2,2378
Mixed - White and Black - African,All Pupils,All Pupils,All Pupils,All state-funded schools,All Pupils,41.1,2936
Mixed - White and Black - African,All Pupils,Pupils eligible for FSM,All Pupils,All state-funded schools,All Pupils,28.1,558
Mixed - White and Black - Caribbean,All Pupils,All other pupils,All Pupils,All state-funded schools,All Pupils,35.1,5479
Mixed - White and Black - Caribbean,All Pupils,All Pupils,All Pupils,All state-funded schools,All Pupils,31.4,7093
Mixed - White and Black - Caribbean,All Pupils,Pupils eligible for FSM,All Pupils,All state-funded schools,All Pupils,18.8,1614
Other - Any other,All Pupils,All other pupils,All Pupils,All state-funded schools,All Pupils,46.2,6593
Other - Any other,All Pupils,All Pupils,All Pupils,All state-funded schools,All Pupils,43.8,8573
Other - Any other,All Pupils,Pupils eligible for FSM,All Pupils,All state-funded schools,All Pupils,35.9,1980
Unclassified,All Pupils,All other pupils,All Pupils,All state-funded schools,All Pupils,36.7,6133
Unclassified,All Pupils,All Pupils,All Pupils,All state-funded schools,All Pupils,34,7166
Unclassified,All Pupils,Pupils eligible for FSM,All Pupils,All state-funded schools,All Pupils,18.3,1033
White,All Pupils,All other pupils,All Pupils,All state-funded schools,All Pupils,45.8,352353
White,All Pupils,All Pupils,All Pupils,Academies and free schools,All Pupils,44.1,277452
White,All Pupils,All Pupils,All Pupils,All state-funded mainstream schools,Church of England,45.7,21194
White,All Pupils,All Pupils,All Pupils,All state-funded mainstream schools,Hindu,33.3,3
White,All Pupils,All Pupils,All Pupils,All state-funded mainstream schools,Jewish,68.6,944
White,All Pupils,All Pupils,All Pupils,All state-funded mainstream schools,Muslim,100,1
White,All Pupils,All Pupils,All Pupils,All state-funded mainstream schools,No religious character,42.9,322924
White,All Pupils,All Pupils,All Pupils,All state-funded mainstream schools,Other Christian Faith,46.6,7379
White,All Pupils,All Pupils,All Pupils,All state-funded mainstream schools,Roman Catholic,46.6,36020
White,All Pupils,All Pupils,All Pupils,All state-funded mainstream schools,Sikh,100,2
White,All Pupils,All Pupils,All Pupils,All state-funded schools,All Pupils,42.6,396680
White,All Pupils,All Pupils,All Pupils,Converter Academies,All Pupils,48.7,202901
White,All Pupils,All Pupils,All Pupils,Free schools,All Pupils,43.9,3400
White,All Pupils,All Pupils,All Pupils,Further education colleges with provision for 14- to 16-year-olds,All Pupils,0,29
White,All Pupils,All Pupils,All Pupils,Local authority maintained mainstream schools,All Pupils,41.9,110587
White,All Pupils,All Pupils,All Pupils,Sponsored Academies,All Pupils,31.5,68219
White,All Pupils,All Pupils,All Pupils,State-funded special schools,All Pupils,0.4,8184
White,All Pupils,All Pupils,All Pupils,Studio Schools,All Pupils,18.3,818
White,All Pupils,All Pupils,All Pupils,University technical colleges,All Pupils,27.7,2114
White,All Pupils,All Pupils,All Pupils,All state-funded mainstream schools,All Pupils,30.6,27815
White,All Pupils,All Pupils,All Pupils,All state-funded mainstream schools,All Pupils,42.3,344782
White,All Pupils,All Pupils,All Pupils,All state-funded mainstream schools,All Pupils,91.8,15870
White,All Pupils,All Pupils,All SEN,All state-funded schools,All Pupils,13.7,58243
White,All Pupils,All Pupils,No identified SEN,All state-funded schools,All Pupils,47.6,338407
White,All Pupils,All Pupils,SEN support,All state-funded schools,All Pupils,16.8,42817
White,All Pupils,All Pupils,SEN with a statement or EHC plan,All state-funded schools,All Pupils,5.2,15426
White,All Pupils,Pupils eligible for FSM,All Pupils,All state-funded schools,All Pupils,17.2,44327
White - Any other,All Pupils,All other pupils,All Pupils,All state-funded schools,All Pupils,43.2,23865
White - Any other,All Pupils,All Pupils,All Pupils,All state-funded schools,All Pupils,42,26136
White - Any other,All Pupils,Pupils eligible for FSM,All Pupils,All state-funded schools,All Pupils,29.2,2271
White - Gypsy/Roma,All Pupils,All other pupils,All Pupils,All state-funded schools,All Pupils,6.4,763
White - Gypsy/Roma,All Pupils,All Pupils,All Pupils,All state-funded schools,All Pupils,5.3,1107
White - Gypsy/Roma,All Pupils,Pupils eligible for FSM,All Pupils,All state-funded schools,All Pupils,2.9,344
White - Irish Traveller,All Pupils,All other pupils,All Pupils,All state-funded schools,All Pupils,15.9,44
White - Irish Traveller,All Pupils,All Pupils,All Pupils,All state-funded schools,All Pupils,9.9,111
White - Irish Traveller,All Pupils,Pupils eligible for FSM,All Pupils,All state-funded schools,All Pupils,6,67
White - British,All Pupils,All other pupils,All Pupils,All state-funded schools,All Pupils,46,326223
White - British,All Pupils,All Pupils,All Pupils,All state-funded schools,All Pupils,42.7,367680
White - British,All Pupils,Pupils eligible for FSM,All Pupils,All state-funded schools,All Pupils,16.7,41457
White - Irish,All Pupils,All other pupils,All Pupils,All state-funded schools,All Pupils,59.9,1458
White - Irish,All Pupils,All Pupils,All Pupils,All state-funded schools,All Pupils,55.8,1646
White - Irish,All Pupils,Pupils eligible for FSM,All Pupils,All state-funded schools,All Pupils,24.5,188
All pupils,Boys,All other pupils,All Pupils,All state-funded schools,All Pupils,43,233209
All pupils,Boys,All Pupils,All Pupils,Academies and free schools,All Pupils,42.1,182785
All pupils,Boys,All Pupils,All Pupils,All state-funded mainstream schools,All Pupils,41.1,259426
All pupils,Boys,All Pupils,All Pupils,All state-funded mainstream schools,Church of England,43.2,14694
All pupils,Boys,All Pupils,All Pupils,All state-funded mainstream schools,Hindu,61.4,57
All pupils,Boys,All Pupils,All Pupils,All state-funded mainstream schools,Jewish,69,606
All pupils,Boys,All Pupils,All Pupils,All state-funded mainstream schools,Muslim,66.8,241
All pupils,Boys,All Pupils,All Pupils,All state-funded mainstream schools,No religious character,40.5,213670
All pupils,Boys,All Pupils,All Pupils,All state-funded mainstream schools,Other Christian Faith,48.2,5054
All pupils,Boys,All Pupils,All Pupils,All state-funded mainstream schools,Roman Catholic,43.8,24291
All pupils,Boys,All Pupils,All Pupils,All state-funded mainstream schools,Sikh,54,176
All pupils,Boys,All Pupils,All Pupils,All state-funded schools,All Pupils,40,266906
All pupils,Boys,All Pupils,All Pupils,All state-funded mainstream schools,All Pupils,28.7,16756
All pupils,Boys,All Pupils,All Pupils,All state-funded mainstream schools,All Pupils,39.6,230449
All pupils,Boys,All Pupils,All Pupils,All state-funded mainstream schools,All Pupils,92.1,11584
All pupils,Boys,All Pupils,All SEN,All state-funded schools,All Pupils,12.2,47085
All pupils,Boys,All Pupils,No identified SEN,All state-funded schools,All Pupils,46,219168
All pupils,Boys,All Pupils,SEN support,All state-funded schools,All Pupils,15.1,32777
All pupils,Boys,All Pupils,SEN with a statement or EHC plan,All state-funded schools,All Pupils,5.6,14308
All pupils,Boys,Pupils eligible for FSM,All Pupils,All state-funded schools,All Pupils,19.2,33697
Asian,Boys,All other pupils,All Pupils,All state-funded schools,All Pupils,50.7,24201
Asian,Boys,All Pupils,All Pupils,Academies and free schools,All Pupils,51.9,18542
Asian,Boys,All Pupils,All Pupils,All state-funded mainstream schools,Church of England,52.5,1346
Asian,Boys,All Pupils,All Pupils,All state-funded mainstream schools,Hindu,64.2,53
Asian,Boys,All Pupils,All Pupils,All state-funded mainstream schools,Jewish,68.2,22
Asian,Boys,All Pupils,All Pupils,All state-funded mainstream schools,Muslim,67.9,212
Asian,Boys,All Pupils,All Pupils,All state-funded mainstream schools,No religious character,48,23705
Asian,Boys,All Pupils,All Pupils,All state-funded mainstream schools,Other Christian Faith,67.4,454
Asian,Boys,All Pupils,All Pupils,All state-funded mainstream schools,Roman Catholic,50.1,2116
Asian,Boys,All Pupils,All Pupils,All state-funded mainstream schools,Sikh,54.2,144
Asian,Boys,All Pupils,All Pupils,All state-funded schools,All Pupils,48.1,28532
Asian,Boys,All Pupils,All Pupils,All state-funded mainstream schools,All Pupils,40.3,1018
Asian,Boys,All Pupils,All Pupils,All state-funded mainstream schools,All Pupils,45,24812
Asian,Boys,All Pupils,All Pupils,All state-funded mainstream schools,All Pupils,96.2,2222
Asian,Boys,All Pupils,All SEN,All state-funded schools,All Pupils,13.3,3397
Asian,Boys,All Pupils,No identified SEN,All state-funded schools,All Pupils,52.8,25133
Asian,Boys,All Pupils,SEN support,All state-funded schools,All Pupils,15.5,2446
Asian,Boys,All Pupils,SEN with a statement or EHC plan,All state-funded schools,All Pupils,7.7,951
Asian,Boys,Pupils eligible for FSM,All Pupils,All state-funded schools,All Pupils,33.6,4331
Asian - Any other,Boys,All other pupils,All Pupils,All state-funded schools,All Pupils,57.2,4268
Asian - Any other,Boys,All Pupils,All Pupils,All state-funded schools,All Pupils,54.7,4824
Asian - Any other,Boys,Pupils eligible for FSM,All Pupils,All state-funded schools,All Pupils,35.6,556
Asian - Bangladeshi,Boys,All other pupils,All Pupils,All state-funded schools,All Pupils,50.4,3527
Asian - Bangladeshi,Boys,All Pupils,All Pupils,All state-funded schools,All Pupils,47.6,4620
Asian - Bangladeshi,Boys,Pupils eligible for FSM,All Pupils,All state-funded schools,All Pupils,38.4,1093
Asian - Indian,Boys,All other pupils,All Pupils,All state-funded schools,All Pupils,60.8,6995
Asian - Indian,Boys,All Pupils,All Pupils,All state-funded schools,All Pupils,59.6,7452
Asian - Indian,Boys,Pupils eligible for FSM,All Pupils,All state-funded schools,All Pupils,40.7,457
Asian - Pakistani,Boys,All other pupils,All Pupils,All state-funded schools,All Pupils,40.3,9411
Asian - Pakistani,Boys,All Pupils,All Pupils,All state-funded schools,All Pupils,38.1,11636
Asian - Pakistani,Boys,Pupils eligible for FSM,All Pupils,All state-funded schools,All Pupils,29.3,2225
Black,Boys,All other pupils,All Pupils,All state-funded schools,All Pupils,37.3,11454
Black,Boys,All Pupils,All Pupils,Academies and free schools,All Pupils,37.5,9105
Black,Boys,All Pupils,All Pupils,All state-funded mainstream schools,Church of England,35.3,1191
Black,Boys,All Pupils,All Pupils,All state-funded mainstream schools,Jewish,37.5,16
Black,Boys,All Pupils,All Pupils,All state-funded mainstream schools,Muslim,61.1,18
Black,Boys,All Pupils,All Pupils,All state-funded mainstream schools,No religious character,34.9,9940
Black,Boys,All Pupils,All Pupils,All state-funded mainstream schools,Other Christian Faith,36.1,296
Black,Boys,All Pupils,All Pupils,All state-funded mainstream schools,Roman Catholic,38.7,2418
Black,Boys,All Pupils,All Pupils,All state-funded schools,All Pupils,34.5,14334
Black,Boys,All Pupils,All Pupils,All state-funded mainstream schools,All Pupils,35,617
Black,Boys,All Pupils,All Pupils,All state-funded mainstream schools,All Pupils,33.9,12855
Black,Boys,All Pupils,All Pupils,All state-funded mainstream schools,All Pupils,92.9,407
Black,Boys,All Pupils,All SEN,All state-funded schools,All Pupils,9.2,2697
Black,Boys,All Pupils,No identified SEN,All state-funded schools,All Pupils,40.4,11633
Black,Boys,All Pupils,SEN support,All state-funded schools,All Pupils,11.5,1821
Black,Boys,All Pupils,SEN with a statement or EHC plan,All state-funded schools,All Pupils,4.2,876
Black,Boys,Pupils eligible for FSM,All Pupils,All state-funded schools,All Pupils,23.4,2880
Black - Any other ,Boys,All other pupils,All Pupils,All state-funded schools,All Pupils,32.2,1464
Black - Any other ,Boys,All Pupils,All Pupils,All state-funded schools,All Pupils,29.8,1836
Black - Any other ,Boys,Pupils eligible for FSM,All Pupils,All state-funded schools,All Pupils,20.2,372
Black - African,Boys,All other pupils,All Pupils,All state-funded schools,All Pupils,42.6,7369
Black - African,Boys,All Pupils,All Pupils,All state-funded schools,All Pupils,40,9143
Black - African,Boys,Pupils eligible for FSM,All Pupils,All state-funded schools,All Pupils,29.2,1774
Black - Caribbean,Boys,All other pupils,All Pupils,All state-funded schools,All Pupils,25.1,2621
Black - Caribbean,Boys,All Pupils,All Pupils,All state-funded schools,All Pupils,22.1,3355
Black - Caribbean,Boys,Pupils eligible for FSM,All Pupils,All state-funded schools,All Pupils,11.2,734
Chinese,Boys,All other pupils,All Pupils,All state-funded schools,All Pupils,72.4,859
Chinese,Boys,All Pupils,All Pupils,Academies and free schools,All Pupils,75,665
Chinese,Boys,All Pupils,All Pupils,All state-funded mainstream schools,Church of England,69.2,65
Chinese,Boys,All Pupils,All Pupils,All state-funded mainstream schools,Jewish,100,1
Chinese,Boys,All Pupils,All Pupils,All state-funded mainstream schools,No religious character,72,703
Chinese,Boys,All Pupils,All Pupils,All state-funded mainstream schools,Other Christian Faith,88.6,44
Chinese,Boys,All Pupils,All Pupils,All state-funded mainstream schools,Roman Catholic,76.7,73
Chinese,Boys,All Pupils,All Pupils,All state-funded mainstream schools,Sikh,100,1
Chinese,Boys,All Pupils,All Pupils,All state-funded schools,All Pupils,71.8,903
Chinese,Boys,All Pupils,All Pupils,All state-funded mainstream schools,All Pupils,57.5,40
Chinese,Boys,All Pupils,All Pupils,All state-funded mainstream schools,All Pupils,67.8,659
Chinese,Boys,All Pupils,All Pupils,All state-funded mainstream schools,All Pupils,94.7,188
Chinese,Boys,All Pupils,All SEN,All state-funded schools,All Pupils,36,89
Chinese,Boys,All Pupils,No identified SEN,All state-funded schools,All Pupils,75.7,814
Chinese,Boys,All Pupils,SEN support,All state-funded schools,All Pupils,51.9,52
Chinese,Boys,All Pupils,SEN with a statement or EHC plan,All state-funded schools,All Pupils,13.5,37
Chinese,Boys,Pupils eligible for FSM,All Pupils,All state-funded schools,All Pupils,59.1,44
Mixed,Boys,All other pupils,All Pupils,All state-funded schools,All Pupils,44.9,10234
Mixed,Boys,All Pupils,All Pupils,Academies and free schools,All Pupils,43.5,8563
Mixed,Boys,All Pupils,All Pupils,All state-funded mainstream schools,Church of England,46.5,678
Mixed,Boys,All Pupils,All Pupils,All state-funded mainstream schools,Hindu,33.3,3
Mixed,Boys,All Pupils,All Pupils,All state-funded mainstream schools,Jewish,50,12
Mixed,Boys,All Pupils,All Pupils,All state-funded mainstream schools,Muslim,37.5,8
Mixed,Boys,All Pupils,All Pupils,All state-funded mainstream schools,No religious character,41,9795
Mixed,Boys,All Pupils,All Pupils,All state-funded mainstream schools,Other Christian Faith,61.4,272
Mixed,Boys,All Pupils,All Pupils,All state-funded mainstream schools,Roman Catholic,43,1287
Mixed,Boys,All Pupils,All Pupils,All state-funded mainstream schools,Sikh,50,8
Mixed,Boys,All Pupils,All Pupils,All state-funded schools,All Pupils,40.7,12447
Mixed,Boys,All Pupils,All Pupils,All state-funded mainstream schools,All Pupils,30.2,701
Mixed,Boys,All Pupils,All Pupils,All state-funded mainstream schools,All Pupils,39.5,10688
Mixed,Boys,All Pupils,All Pupils,All state-funded mainstream schools,All Pupils,94.1,674
Mixed,Boys,All Pupils,All SEN,All state-funded schools,All Pupils,13.6,2220
Mixed,Boys,All Pupils,No identified SEN,All state-funded schools,All Pupils,46.6,10222
Mixed,Boys,All Pupils,SEN support,All state-funded schools,All Pupils,17,1500
Mixed,Boys,All Pupils,SEN with a statement or EHC plan,All state-funded schools,All Pupils,6.5,720
Mixed,Boys,Pupils eligible for FSM,All Pupils,All state-funded schools,All Pupils,21.6,2213
Mixed - Any other ,Boys,All other pupils,All Pupils,All state-funded schools,All Pupils,48.1,3871
Mixed - Any other ,Boys,All Pupils,All Pupils,All state-funded schools,All Pupils,44.4,4630
Mixed - Any other ,Boys,Pupils eligible for FSM,All Pupils,All state-funded schools,All Pupils,25.3,759
Mixed - White and Asian,Boys,All other pupils,All Pupils,All state-funded schools,All Pupils,56.9,2436
Mixed - White and Asian,Boys,All Pupils,All Pupils,All state-funded schools,All Pupils,52.8,2793
Mixed - White and Asian,Boys,Pupils eligible for FSM,All Pupils,All state-funded schools,All Pupils,24.9,357
Mixed - White and Black - African,Boys,All other pupils,All Pupils,All state-funded schools,All Pupils,40.7,1188
Mixed - White and Black - African,Boys,All Pupils,All Pupils,All state-funded schools,All Pupils,37.6,1474
Mixed - White and Black - African,Boys,Pupils eligible for FSM,All Pupils,All state-funded schools,All Pupils,24.5,286
Mixed - White and Black - Caribbean,Boys,All other pupils,All Pupils,All state-funded schools,All Pupils,31.4,2739
Mixed - White and Black - Caribbean,Boys,All Pupils,All Pupils,All state-funded schools,All Pupils,27.8,3550
Mixed - White and Black - Caribbean,Boys,Pupils eligible for FSM,All Pupils,All state-funded schools,All Pupils,15.5,811
Other - Any other,Boys,All other pupils,All Pupils,All state-funded schools,All Pupils,42,3462
Other - Any other,Boys,All Pupils,All Pupils,All state-funded schools,All Pupils,40.3,4462
Other - Any other,Boys,Pupils eligible for FSM,All Pupils,All state-funded schools,All Pupils,34.4,1000
Unclassified,Boys,All other pupils,All Pupils,All state-funded schools,All Pupils,33.2,3236
Unclassified,Boys,All Pupils,All Pupils,All state-funded schools,All Pupils,31.1,3745
Unclassified,Boys,Pupils eligible for FSM,All Pupils,All state-funded schools,All Pupils,17.7,509
White,Boys,All other pupils,All Pupils,All state-funded schools,All Pupils,42.2,179763
White,Boys,All Pupils,All Pupils,Academies and free schools,All Pupils,41,140673
White,Boys,All Pupils,All Pupils,All state-funded mainstream schools,Church of England,42.8,10776
White,Boys,All Pupils,All Pupils,All state-funded mainstream schools,Hindu,0,1
White,Boys,All Pupils,All Pupils,All state-funded mainstream schools,Jewish,67.1,392
White,Boys,All Pupils,All Pupils,All state-funded mainstream schools,No religious character,39.7,163811
White,Boys,All Pupils,All Pupils,All state-funded mainstream schools,Other Christian Faith,45.7,3778
White,Boys,All Pupils,All Pupils,All state-funded mainstream schools,Roman Catholic,43.7,17691
White,Boys,All Pupils,All Pupils,All state-funded mainstream schools,Sikh,100,1
White,Boys,All Pupils,All Pupils,All state-funded schools,All Pupils,39.2,202483
White,Boys,All Pupils,All Pupils,All state-funded mainstream schools,All Pupils,27.4,14100
White,Boys,All Pupils,All Pupils,All state-funded mainstream schools,All Pupils,39.2,174517
White,Boys,All Pupils,All Pupils,All state-funded mainstream schools,All Pupils,90.6,7833
White,Boys,All Pupils,All SEN,All state-funded schools,All Pupils,12.3,37457
White,Boys,All Pupils,No identified SEN,All state-funded schools,All Pupils,45.3,165008
White,Boys,All Pupils,SEN support,All state-funded schools,All Pupils,15.2,26047
White,Boys,All Pupils,SEN with a statement or EHC plan,All state-funded schools,All Pupils,5.5,11410
White,Boys,Pupils eligible for FSM,All Pupils,All state-funded schools,All Pupils,15,22720
White - Any other,Boys,All other pupils,All Pupils,All state-funded schools,All Pupils,39.7,12133
White - Any other,Boys,All Pupils,All Pupils,All state-funded schools,All Pupils,38.7,13273
White - Any other,Boys,Pupils eligible for FSM,All Pupils,All state-funded schools,All Pupils,27.3,1140
White - Gypsy/Roma,Boys,All other pupils,All Pupils,All state-funded schools,All Pupils,3.2,347
White - Gypsy/Roma,Boys,All Pupils,All Pupils,All state-funded schools,All Pupils,3.1,517
White - Gypsy/Roma,Boys,Pupils eligible for FSM,All Pupils,All state-funded schools,All Pupils,2.9,170
White - Irish Traveller,Boys,All other pupils,All Pupils,All state-funded schools,All Pupils,17.4,23
White - Irish Traveller,Boys,All Pupils,All Pupils,All state-funded schools,All Pupils,9.1,55
White - Irish Traveller,Boys,Pupils eligible for FSM,All Pupils,All state-funded schools,All Pupils,3.1,32
White - British,Boys,All other pupils,All Pupils,All state-funded schools,All Pupils,42.4,166521
White - British,Boys,All Pupils,All Pupils,All state-funded schools,All Pupils,39.3,187806
White - British,Boys,Pupils eligible for FSM,All Pupils,All state-funded schools,All Pupils,14.4,21285
White - Irish,Boys,All other pupils,All Pupils,All state-funded schools,All Pupils,58.9,739
White - Irish,Boys,All Pupils,All Pupils,All state-funded schools,All Pupils,54.4,832
White - Irish,Boys,Pupils eligible for FSM,All Pupils,All state-funded schools,All Pupils,19.4,93
All pupils,Girls,All other pupils,All Pupils,All state-funded schools,All Pupils,50,224052
All pupils,Girls,All Pupils,All Pupils,Academies and free schools,All Pupils,48.2,177560
All pupils,Girls,All Pupils,All Pupils,All state-funded mainstream schools,All Pupils,47.2,253930
All pupils,Girls,All Pupils,All Pupils,All state-funded mainstream schools,Church of England,48.2,14402
All pupils,Girls,All Pupils,All Pupils,All state-funded mainstream schools,Hindu,72,50
All pupils,Girls,All Pupils,All Pupils,All state-funded mainstream schools,Jewish,69.6,751
All pupils,Girls,All Pupils,All Pupils,All state-funded mainstream schools,Muslim,67.6,642
All pupils,Girls,All Pupils,All Pupils,All state-funded mainstream schools,No religious character,46.7,207310
All pupils,Girls,All Pupils,All Pupils,All state-funded mainstream schools,Other Christian Faith,50,4523
All pupils,Girls,All Pupils,All Pupils,All state-funded mainstream schools,Roman Catholic,50,25511
All pupils,Girls,All Pupils,All Pupils,All state-funded mainstream schools,Sikh,61.5,169
All pupils,Girls,All Pupils,All Pupils,All state-funded schools,All Pupils,46.7,256720
All pupils,Girls,All Pupils,All Pupils,All state-funded mainstream schools,All Pupils,35.4,16384
All pupils,Girls,All Pupils,All Pupils,All state-funded mainstream schools,All Pupils,45.8,225366
All pupils,Girls,All Pupils,All Pupils,All state-funded mainstream schools,All Pupils,93.8,11608
All pupils,Girls,All Pupils,All SEN,All state-funded schools,All Pupils,15.8,26445
All pupils,Girls,All Pupils,No identified SEN,All state-funded schools,All Pupils,50.4,229681
All pupils,Girls,All Pupils,SEN support,All state-funded schools,All Pupils,18.7,21256
All pupils,Girls,All Pupils,SEN with a statement or EHC plan,All state-funded schools,All Pupils,4.3,5189
All pupils,Girls,Pupils eligible for FSM,All Pupils,All state-funded schools,All Pupils,24.1,32668
Asian,Girls,All other pupils,All Pupils,All state-funded schools,All Pupils,55.5,22926
Asian,Girls,All Pupils,All Pupils,Academies and free schools,All Pupils,55.4,17801
Asian,Girls,All Pupils,All Pupils,All state-funded mainstream schools,Church of England,54.3,1145
Asian,Girls,All Pupils,All Pupils,All state-funded mainstream schools,Hindu,72.7,44
Asian,Girls,All Pupils,All Pupils,All state-funded mainstream schools,Jewish,70.8,24
Asian,Girls,All Pupils,All Pupils,All state-funded mainstream schools,Muslim,67.3,560
Asian,Girls,All Pupils,All Pupils,All state-funded mainstream schools,No religious character,51.8,22816
Asian,Girls,All Pupils,All Pupils,All state-funded mainstream schools,Other Christian Faith,71.1,356
Asian,Girls,All Pupils,All Pupils,All state-funded mainstream schools,Roman Catholic,58.2,1885
Asian,Girls,All Pupils,All Pupils,All state-funded mainstream schools,Sikh,61.9,139
Asian,Girls,All Pupils,All Pupils,All state-funded schools,All Pupils,52.5,27205
Asian,Girls,All Pupils,All Pupils,All state-funded mainstream schools,All Pupils,45.7,991
Asian,Girls,All Pupils,All Pupils,All state-funded mainstream schools,All Pupils,49.7,23970
Asian,Girls,All Pupils,All Pupils,All state-funded mainstream schools,All Pupils,96,2008
Asian,Girls,All Pupils,All SEN,All state-funded schools,All Pupils,13.5,2123
Asian,Girls,All Pupils,No identified SEN,All state-funded schools,All Pupils,55.8,25081
Asian,Girls,All Pupils,SEN support,All state-funded schools,All Pupils,16.3,1655
Asian,Girls,All Pupils,SEN with a statement or EHC plan,All state-funded schools,All Pupils,3.8,468
Asian,Girls,Pupils eligible for FSM,All Pupils,All state-funded schools,All Pupils,36.7,4279
Asian - Any other,Girls,All other pupils,All Pupils,All state-funded schools,All Pupils,65.1,3637
Asian - Any other,Girls,All Pupils,All Pupils,All state-funded schools,All Pupils,62.5,4114
Asian - Any other,Girls,Pupils eligible for FSM,All Pupils,All state-funded schools,All Pupils,42.8,477
Asian - Bangladeshi,Girls,All other pupils,All Pupils,All state-funded schools,All Pupils,54.2,3601
Asian - Bangladeshi,Girls,All Pupils,All Pupils,All state-funded schools,All Pupils,50.6,4764
Asian - Bangladeshi,Girls,Pupils eligible for FSM,All Pupils,All state-funded schools,All Pupils,39.4,1163
Asian - Indian,Girls,All other pupils,All Pupils,All state-funded schools,All Pupils,66.1,6623
Asian - Indian,Girls,All Pupils,All Pupils,All state-funded schools,All Pupils,64.6,7123
Asian - Indian,Girls,Pupils eligible for FSM,All Pupils,All state-funded schools,All Pupils,45.2,500
Asian - Pakistani,Girls,All other pupils,All Pupils,All state-funded schools,All Pupils,44.4,9065
Asian - Pakistani,Girls,All Pupils,All Pupils,All state-funded schools,All Pupils,42,11204
Asian - Pakistani,Girls,Pupils eligible for FSM,All Pupils,All state-funded schools,All Pupils,32,2139
Black,Girls,All other pupils,All Pupils,All state-funded schools,All Pupils,45.9,11583
Black,Girls,All Pupils,All Pupils,Academies and free schools,All Pupils,44.8,9131
Black,Girls,All Pupils,All Pupils,All state-funded mainstream schools,Church of England,42.6,1382
Black,Girls,All Pupils,All Pupils,All state-funded mainstream schools,Hindu,0,1
Black,Girls,All Pupils,All Pupils,All state-funded mainstream schools,Jewish,46.2,13
Black,Girls,All Pupils,All Pupils,All state-funded mainstream schools,Muslim,69.4,49
Black,Girls,All Pupils,All Pupils,All state-funded mainstream schools,No religious character,42.1,9828
Black,Girls,All Pupils,All Pupils,All state-funded mainstream schools,Other Christian Faith,46.2,208
Black,Girls,All Pupils,All Pupils,All state-funded mainstream schools,Roman Catholic,47.6,2965
Black,Girls,All Pupils,All Pupils,All state-funded mainstream schools,Sikh,25,4
Black,Girls,All Pupils,All Pupils,All state-funded schools,All Pupils,42.9,14615
Black,Girls,All Pupils,All Pupils,All state-funded mainstream schools,All Pupils,46.6,609
Black,Girls,All Pupils,All Pupils,All state-funded mainstream schools,All Pupils,41.2,13326
Black,Girls,All Pupils,All Pupils,All state-funded mainstream schools,All Pupils,97.3,515
Black,Girls,All Pupils,All SEN,All state-funded schools,All Pupils,10.7,1502
Black,Girls,All Pupils,No identified SEN,All state-funded schools,All Pupils,46.6,13112
Black,Girls,All Pupils,SEN support,All state-funded schools,All Pupils,12.1,1218
Black,Girls,All Pupils,SEN with a statement or EHC plan,All state-funded schools,All Pupils,4.9,284
Black,Girls,Pupils eligible for FSM,All Pupils,All state-funded schools,All Pupils,31.7,3032
Black - Any other ,Girls,All other pupils,All Pupils,All state-funded schools,All Pupils,39.7,1452
Black - Any other ,Girls,All Pupils,All Pupils,All state-funded schools,All Pupils,36.6,1822
Black - Any other ,Girls,Pupils eligible for FSM,All Pupils,All state-funded schools,All Pupils,24.6,370
Black - African,Girls,All other pupils,All Pupils,All state-funded schools,All Pupils,51.2,7350
Black - African,Girls,All Pupils,All Pupils,All state-funded schools,All Pupils,48.6,9215
Black - African,Girls,Pupils eligible for FSM,All Pupils,All state-funded schools,All Pupils,38.1,1865
Black - Caribbean,Girls,All other pupils,All Pupils,All state-funded schools,All Pupils,34.8,2781
Black - Caribbean,Girls,All Pupils,All Pupils,All state-funded schools,All Pupils,31.5,3578
Black - Caribbean,Girls,Pupils eligible for FSM,All Pupils,All state-funded schools,All Pupils,19.9,797
Chinese,Girls,All other pupils,All Pupils,All state-funded schools,All Pupils,78.9,909
Chinese,Girls,All Pupils,All Pupils,Academies and free schools,All Pupils,82.1,726
Chinese,Girls,All Pupils,All Pupils,All state-funded mainstream schools,Church of England,81.7,71
Chinese,Girls,All Pupils,All Pupils,All state-funded mainstream schools,No religious character,78.8,798
Chinese,Girls,All Pupils,All Pupils,All state-funded mainstream schools,Other Christian Faith,76,25
Chinese,Girls,All Pupils,All Pupils,All state-funded mainstream schools,Roman Catholic,79.2,72
Chinese,Girls,All Pupils,All Pupils,All state-funded schools,All Pupils,78.5,972
Chinese,Girls,All Pupils,All Pupils,All state-funded mainstream schools,All Pupils,64.6,48
Chinese,Girls,All Pupils,All Pupils,All state-funded mainstream schools,All Pupils,75.1,732
Chinese,Girls,All Pupils,All Pupils,All state-funded mainstream schools,All Pupils,97.8,186
Chinese,Girls,All Pupils,All SEN,All state-funded schools,All Pupils,31.8,44
Chinese,Girls,All Pupils,No identified SEN,All state-funded schools,All Pupils,80.7,928
Chinese,Girls,All Pupils,SEN support,All state-funded schools,All Pupils,38.2,34
Chinese,Girls,All Pupils,SEN with a statement or EHC plan,All state-funded schools,All Pupils,10,10
Chinese,Girls,Pupils eligible for FSM,All Pupils,All state-funded schools,All Pupils,73,63
Mixed,Girls,All other pupils,All Pupils,All state-funded schools,All Pupils,51,10016
Mixed,Girls,All Pupils,All Pupils,Academies and free schools,All Pupils,48.2,8471
Mixed,Girls,All Pupils,All Pupils,All state-funded mainstream schools,Church of England,43.3,736
Mixed,Girls,All Pupils,All Pupils,All state-funded mainstream schools,Hindu,100,2
Mixed,Girls,All Pupils,All Pupils,All state-funded mainstream schools,Jewish,60,15
Mixed,Girls,All Pupils,All Pupils,All state-funded mainstream schools,Muslim,70,10
Mixed,Girls,All Pupils,All Pupils,All state-funded mainstream schools,No religious character,47,9586
Mixed,Girls,All Pupils,All Pupils,All state-funded mainstream schools,Other Christian Faith,54.2,201
Mixed,Girls,All Pupils,All Pupils,All state-funded mainstream schools,Roman Catholic,49,1510
Mixed,Girls,All Pupils,All Pupils,All state-funded mainstream schools,Sikh,63.6,11
Mixed,Girls,All Pupils,All Pupils,All state-funded schools,All Pupils,46.7,12199
Mixed,Girls,All Pupils,All Pupils,All state-funded mainstream schools,All Pupils,36.4,718
Mixed,Girls,All Pupils,All Pupils,All state-funded mainstream schools,All Pupils,45.1,10692
Mixed,Girls,All Pupils,All Pupils,All state-funded mainstream schools,All Pupils,94.1,661
Mixed,Girls,All Pupils,All SEN,All state-funded schools,All Pupils,18.2,1306
Mixed,Girls,All Pupils,No identified SEN,All state-funded schools,All Pupils,50.2,10890
Mixed,Girls,All Pupils,SEN support,All state-funded schools,All Pupils,21.6,1058
Mixed,Girls,All Pupils,SEN with a statement or EHC plan,All state-funded schools,All Pupils,3.6,248
Mixed,Girls,Pupils eligible for FSM,All Pupils,All state-funded schools,All Pupils,27.3,2183
Mixed - Any other ,Girls,All other pupils,All Pupils,All state-funded schools,All Pupils,54.8,3694
Mixed - Any other ,Girls,All Pupils,All Pupils,All state-funded schools,All Pupils,50.6,4450
Mixed - Any other ,Girls,Pupils eligible for FSM,All Pupils,All state-funded schools,All Pupils,29.6,756
Mixed - White and Asian,Girls,All other pupils,All Pupils,All state-funded schools,All Pupils,60.6,2392
Mixed - White and Asian,Girls,All Pupils,All Pupils,All state-funded schools,All Pupils,56.7,2744
Mixed - White and Asian,Girls,Pupils eligible for FSM,All Pupils,All state-funded schools,All Pupils,30.7,352
Mixed - White and Black - African,Girls,All other pupils,All Pupils,All state-funded schools,All Pupils,47.6,1190
Mixed - White and Black - African,Girls,All Pupils,All Pupils,All state-funded schools,All Pupils,44.7,1462
Mixed - White and Black - African,Girls,Pupils eligible for FSM,All Pupils,All state-funded schools,All Pupils,32,272
Mixed - White and Black - Caribbean,Girls,All other pupils,All Pupils,All state-funded schools,All Pupils,38.8,2740
Mixed - White and Black - Caribbean,Girls,All Pupils,All Pupils,All state-funded schools,All Pupils,35.1,3543
Mixed - White and Black - Caribbean,Girls,Pupils eligible for FSM,All Pupils,All state-funded schools,All Pupils,22.2,803
Other - Any other,Girls,All other pupils,All Pupils,All state-funded schools,All Pupils,51,3131
Other - Any other,Girls,All Pupils,All Pupils,All state-funded schools,All Pupils,47.7,4111
Other - Any other,Girls,Pupils eligible for FSM,All Pupils,All state-funded schools,All Pupils,37.3,980
Unclassified,Girls,All other pupils,All Pupils,All state-funded schools,All Pupils,40.5,2897
Unclassified,Girls,All Pupils,All Pupils,All state-funded schools,All Pupils,37.2,3421
Unclassified,Girls,Pupils eligible for FSM,All Pupils,All state-funded schools,All Pupils,18.9,524
White,Girls,All other pupils,All Pupils,All state-funded schools,All Pupils,49.5,172590
White,Girls,All Pupils,All Pupils,Academies and free schools,All Pupils,47.4,136779
White,Girls,All Pupils,All Pupils,All state-funded mainstream schools,Church of England,48.7,10418
White,Girls,All Pupils,All Pupils,All state-funded mainstream schools,Hindu,50,2
White,Girls,All Pupils,All Pupils,All state-funded mainstream schools,Jewish,69.7,552
White,Girls,All Pupils,All Pupils,All state-funded mainstream schools,Muslim,100,1
White,Girls,All Pupils,All Pupils,All state-funded mainstream schools,No religious character,46.2,159113
White,Girls,All Pupils,All Pupils,All state-funded mainstream schools,Other Christian Faith,47.5,3601
White,Girls,All Pupils,All Pupils,All state-funded mainstream schools,Roman Catholic,49.4,18329
White,Girls,All Pupils,All Pupils,All state-funded mainstream schools,Sikh,100,1
White,Girls,All Pupils,All Pupils,All state-funded schools,All Pupils,46.2,194197
White,Girls,All Pupils,All Pupils,All state-funded mainstream schools,All Pupils,33.9,13715
White,Girls,All Pupils,All Pupils,All state-funded mainstream schools,All Pupils,45.6,170265
White,Girls,All Pupils,All Pupils,All state-funded mainstream schools,All Pupils,92.9,8037
White,Girls,All Pupils,All SEN,All state-funded schools,All Pupils,16.3,20786
White,Girls,All Pupils,No identified SEN,All state-funded schools,All Pupils,49.8,173399
White,Girls,All Pupils,SEN support,All state-funded schools,All Pupils,19.1,16770
White,Girls,All Pupils,SEN with a statement or EHC plan,All state-funded schools,All Pupils,4.4,4016
White,Girls,Pupils eligible for FSM,All Pupils,All state-funded schools,All Pupils,19.6,21607
White - Any other,Girls,All other pupils,All Pupils,All state-funded schools,All Pupils,46.8,11732
White - Any other,Girls,All Pupils,All Pupils,All state-funded schools,All Pupils,45.4,12863
White - Any other,Girls,Pupils eligible for FSM,All Pupils,All state-funded schools,All Pupils,31.1,1131
White - Gypsy/Roma,Girls,All other pupils,All Pupils,All state-funded schools,All Pupils,9.1,416
White - Gypsy/Roma,Girls,All Pupils,All Pupils,All state-funded schools,All Pupils,7.3,590
White - Gypsy/Roma,Girls,Pupils eligible for FSM,All Pupils,All state-funded schools,All Pupils,2.9,174
White - Irish Traveller,Girls,All other pupils,All Pupils,All state-funded schools,All Pupils,14.3,21
White - Irish Traveller,Girls,All Pupils,All Pupils,All state-funded schools,All Pupils,10.7,56
White - Irish Traveller,Girls,Pupils eligible for FSM,All Pupils,All state-funded schools,All Pupils,8.6,35
White - British,Girls,All other pupils,All Pupils,All state-funded schools,All Pupils,49.8,159702
White - British,Girls,All Pupils,All Pupils,All state-funded schools,All Pupils,46.3,179874
White - British,Girls,Pupils eligible for FSM,All Pupils,All state-funded schools,All Pupils,19.1,20172
White - Irish,Girls,All other pupils,All Pupils,All state-funded schools,All Pupils,60.9,719
White - Irish,Girls,All Pupils,All Pupils,All state-funded schools,All Pupils,57.2,814
White - Irish,Girls,Pupils eligible for FSM,All Pupils,All state-funded schools,All Pupils,29.5,95
All Pupils,All Pupils,All Pupils,All Pupils,All state-funded mainstream schools,All Pupils,44.1,513356
Asian,All Pupils,All Pupils,All Pupils,All state-funded mainstream schools,All Pupils,50.9,55026
Black,All Pupils,All Pupils,All Pupils,All state-funded mainstream schools,All Pupils,39.6,28333
Chinese,All Pupils,All Pupils,All Pupils,All state-funded mainstream schools,All Pupils,76.1,1853
Mixed,All Pupils,All Pupils,All Pupils,All state-funded mainstream schools,All Pupils,44.6,24142
White,All Pupils,All Pupils,All Pupils,All state-funded mainstream schools,All Pupils,43.5,388496
All Pupils,Boys,All Pupils,All Pupils,All state-funded mainstream schools,All Pupils,41.1,259426
Asian,Boys,All Pupils,All Pupils,All state-funded mainstream schools,All Pupils,48.9,28056
Black,Boys,All Pupils,All Pupils,All state-funded mainstream schools,All Pupils,35.6,13883
Chinese,Boys,All Pupils,All Pupils,All state-funded mainstream schools,All Pupils,73.1,887
Mixed,Boys,All Pupils,All Pupils,All state-funded mainstream schools,All Pupils,42,12068
White,Boys,All Pupils,All Pupils,All state-funded mainstream schools,All Pupils,40.4,196470
All Pupils,Girls,All Pupils,All Pupils,All state-funded mainstream schools,All Pupils,47.2,253930
Asian,Girls,All Pupils,All Pupils,All state-funded mainstream schools,All Pupils,53,26970
Black,Girls,All Pupils,All Pupils,All state-funded mainstream schools,All Pupils,43.4,14450
Chinese,Girls,All Pupils,All Pupils,All state-funded mainstream schools,All Pupils,79,966
Mixed,Girls,All Pupils,All Pupils,All state-funded mainstream schools,All Pupils,47.2,12074
White,Girls,All Pupils,All Pupils,All state-funded mainstream schools,All Pupils,46.7,192026
